<?xml version="1.0" encoding="UTF-8"?>
<beans xmlns="http://www.springframework.org/schema/beans"
	xmlns:xsi="http://www.w3.org/2001/XMLSchema-instance"
	xmlns:context="http://www.springframework.org/schema/context"
	xmlns:jdbc="http://www.springframework.org/schema/jdbc"
	xmlns:mybatis-spring="http://mybatis.org/schema/mybatis-spring"
	xmlns:aop="http://www.springframework.org/schema/aop"
	xmlns:task="http://www.springframework.org/schema/task"
	xsi:schemaLocation="http://www.springframework.org/schema/jdbc http://www.springframework.org/schema/jdbc/spring-jdbc-4.3.xsd
		http://mybatis.org/schema/mybatis-spring http://mybatis.org/schema/mybatis-spring-1.2.xsd
		http://www.springframework.org/schema/task http://www.springframework.org/schema/task/spring-task-4.3.xsd
		http://www.springframework.org/schema/beans https://www.springframework.org/schema/beans/spring-beans.xsd
		http://www.springframework.org/schema/context http://www.springframework.org/schema/context/spring-context-4.3.xsd
		http://www.springframework.org/schema/aop http://www.springframework.org/schema/aop/spring-aop-4.3.xsd">
	
	<!-- Root Context: defines shared resources visible to all other web components -->
		
<!-- 	데이터베이스 Connection -->

	<bean id="dataSource" class="org.springframework.jdbc.datasource.DriverManagerDataSource">
		<property name="url" value="${db.url}"></property>
		<property name="username" value="${db.username}"></property>
		<property name="password" value="${db.password}"></property>
		<property name="driverClassName" value="org.mariadb.jdbc.Driver"></property>
	</bean>
		
		
<!-- dbconfig.properties 파일 -->
<context:property-placeholder location="classpath:config/dbconfig.properties" />

<!-- 	<bean id="dataSource" class="org.springframework.jdbc.datasource.DriverManagerDataSource"> -->
<!-- 		<property name="url" value="jdbc:mysql://localhost:3306/jis?serverTimezone=Asia/Seoul"></property> -->
<!-- 		<property name="username" value="root"></property> -->
<!-- 		<property name="password" value="1234"></property> -->
<!-- 		<property name="driverClassName" value="com.mysql.cj.jdbc.Driver"></property> -->
<!-- 	</bean> -->

<!-- 	<bean id="dataSource" class="org.springframework.jdbc.datasource.DriverManagerDataSource"> -->
<!-- 		<property name="url" value="jdbc:log4jdbc:mysql://localhost:3306/jis?serverTimezone=Asia/Seoul"></property> -->
<!-- 		<property name="username" value="root"></property> -->
<!-- 		<property name="password" value="1234"></property> -->
<!-- 		<property name="driverClassName" value="net.sf.log4jdbc.sql.jdbcapi.DriverSpy"></property> -->
<!-- 	</bean> -->
	
	<bean id="sqlSessionFactory" class="org.mybatis.spring.SqlSessionFactoryBean">
		<property name="dataSource" ref="dataSource"></property>
		<property name="configLocation" value="classpath:/mybatis-config.xml"></property>
		<property name="mapperLocations" value="classpath:/mappers/**/*Mapper.xml"></property>
	</bean>
	
	
	<bean id="sqlSession"
		class="org.mybatis.spring.SqlSessionTemplate">
		<constructor-arg ref="sqlSessionFactory"></constructor-arg>
	</bean>
	
<!-- 	매퍼 인터페이스 설정 -->
	<mybatis-spring:scan base-package="com.todolist.mapper"/>
	
<!-- 	작업스케줄러를 annotation 방식으로 처리하는 설정 -->
	<task:annotation-driven/>
	
	<context:component-scan base-package="com.todolist.service" />
	<context:component-scan base-package="com.todolist.util" />
	
</beans>
