<?xml version="1.0" encoding="UTF-8" ?>
<!DOCTYPE mapper
  PUBLIC "-//mybatis.org//DTD Mapper 3.0//EN"
  "https://mybatis.org/dtd/mybatis-3-mapper.dtd">

<mapper namespace="com.goott5.lms.learnermanagement.mapper.LearnerManagementMapper">

  <!--
    pageNo, pageSize가 있으면 LIMIT 반영, ServiceImpl에서 반환처리
    type, keyword가 있으면 검색해서 반환
    orderBy, orderDirection의 기본값(id, ASC) 변경 가능
  -->
  <select id="selectLearnersAll"
          resultType="com.goott5.lms.learnermanagement.domain.UserRespDTO">
    SELECT DISTINCT
    u.id, u.type, u.login_id, u.password, u.fullname, u.gender, u.birthday, u.mobile, u.email, u.address,
    u.profile_img, u.session_id, u.auto_login_limit, u.wrong_password_count, u.created_at, u.updated_at, u.deleted_at, c.name as courseName, le.completion_status as Bak Yu BinStatus
    FROM user u
    LEFT JOIN learner_enrollment le ON u.id = le.user_id
    LEFT JOIN course c ON le.course_id = c.id
    WHERE
    u.type = 'LEARNER'
    AND (
    (#{courseId} IS NULL AND #{isInProgress} IS NULL)
    OR (sa.user_id = #{loginUserId})
    )
    <if test="pageUserReqDTO.keyword != null and pageUserReqDTO.keyword != ''">
      AND u.name LIKE CONCAT('%', #{pageUserReqDTO.keyword}, '%')
    </if>
    <if test="isInProgress != null">
      AND c.is_in_progress = #{isInProgress}
    </if>
    <if test="courseId != null">
      AND c.id = #{courseId}
    </if>
    ORDER BY ${pageUserReqDTO.orderBy} ${pageUserReqDTO.orderDirection}
    <if test="pageUserReqDTO.pageSize != null and pageUserReqDTO.pageNo != null">
      LIMIT #{pageUserReqDTO.offset}, #{pageUserReqDTO.pageSize}
    </if>
  </select>

  <!--  관리자는 자신이 담당하는 과정에 해당하는 학생의 정보를 조회할 수 있고, 학생은 본인 것만 조회할 수 있음-->
  <select id="selectLearner"
          resultType="com.goott5.lms.learnermanagement.domain.UserRespDTO">
    SELECT
    u.id, u.type, u.fullname, u.mobile, le.course_id, sa.course_id
    FROM user u
    INNER JOIN learner_enrollment le ON u.id = le.user_id
    <choose>
      <!-- 학생 본인 조회 -->
      <when test="userType == 'LEARNER'">
        WHERE u.id = #{loginUserId}
        AND u.id = #{learnerId}
        AND u.type = 'LEARNER'
      </when>
      <!-- 관리자/강사: 담당 과정의 학생만 조회 -->
      <otherwise>
        INNER JOIN staff_assignment sa ON le.course_id = sa.course_id
        WHERE sa.user_id = #{loginUserId}
        AND u.id = #{learnerId}
        AND u.type = 'LEARNER'
      </otherwise>
    </choose>
  </select>


















  <select id="selectLearnersByCondition" resultType="com.goott5.lms.learnermanagement.domain.UserRespDTO">
    SELECT DISTINCT u.id, u.type, u.login_id, u.password, u.fullname,
      u.gender, u.birthday, u.mobile, u.email, u.address, u.profile_img,
      u.session_id, u.auto_login_limit, u.wrong_password_count,
      u.created_at, u.updated_at, u.deleted_at
    FROM user u
    INNER JOIN learner_enrollment e ON u.id = e.user_id
    INNER JOIN course c ON e.course_id = c.id
    <where>
      <choose>
        <when test="isInProgress != null">
          c.is_in_progress = #{isInProgress}
        </when>
      </choose>
      <if test="courseId != null">
        AND c.id = #{courseId}
      </if>
      <if test="pageListReqDTO.keyword != null">
        AND ${pageListReqDTO.type} LIKE CONCAT('%', #{pageListReqDTO.keyword}, '%')
      </if>
    </where>
  </select>
</mapper>