<?xml version="1.0" encoding="UTF-8" ?>
<!DOCTYPE mapper
  PUBLIC "-//mybatis.org//DTD Mapper 3.0//EN"
  "https://mybatis.org/dtd/mybatis-3-mapper.dtd">
<mapper namespace="com.goott5.lms.common.mapper.UtilMapper">

<!--  <resultMap id="fileResultMap" type="com.goott5.lms.homework.s3ex.domain.FileDTO">-->
<!--    <result property="id" column="id"/>-->
<!--    <result property="originalName" column="original_name"/>-->
<!--    <result property="newName" column="new_name"/>-->
<!--    <result property="path" column="path"/>-->
<!--    <result property="isImage" column="is_image"/>-->
<!--    <result property="size" column="size"/>-->
<!--    <result property="tableName" column="table_name"/>-->
<!--    <result property="tableId" column="table_id"/>-->
<!--    <result property="createdAt" column="created_at"/>-->
<!--    <result property="updatedAt" column="updated_at"/>-->
<!--    <result property="deletedAt" column="deleted_at"/>-->
<!--  </resultMap>-->

  <insert id="insertFile">
    insert into file (original_name,new_name,path,is_image,size,table_name,table_id)
    values(#{originalName},#{newName},#{path},#{isImage},#{size},#{tableName},#{tableId});
  </insert>

  <select id="selectFileFrom" >
    select id,original_name,new_name,path,is_image,size from file where table_name = #{tableName} and table_id = #{tableId}
  </select>

</mapper>